{
  "epoch": 150,
  "total_epochs": 150,
  "train_loss": 0.022025,
  "val_loss": 0.011057,
  "train_history": [
    0.493097,
    0.100719,
    0.075838,
    0.07047,
    0.059044,
    0.061274,
    0.05221,
    0.053768,
    0.054167,
    0.052854,
    0.051099,
    0.050269,
    0.041487,
    0.04493,
    0.048397,
    0.046465,
    0.047266,
    0.04935,
    0.044836,
    0.041257,
    0.044576,
    0.042818,
    0.040301,
    0.043758,
    0.04277,
    0.036377,
    0.039936,
    0.04248,
    0.041102,
    0.042403,
    0.039196,
    0.038399,
    0.037715,
    0.038031,
    0.043857,
    0.039795,
    0.040036,
    0.03829,
    0.032108,
    0.034749,
    0.033596,
    0.037547,
    0.042618,
    0.038655,
    0.03971,
    0.03881,
    0.035768,
    0.038072,
    0.036032,
    0.039557,
    0.034792,
    0.037115,
    0.031436,
    0.036851,
    0.036466,
    0.029676,
    0.034141,
    0.032071,
    0.033496,
    0.032968,
    0.033904,
    0.038064,
    0.035696,
    0.032493,
    0.031769,
    0.033533,
    0.031098,
    0.03274,
    0.03158,
    0.039511,
    0.034226,
    0.03384,
    0.031225,
    0.034027,
    0.033678,
    0.034441,
    0.031095,
    0.032054,
    0.030561,
    0.027332,
    0.030362,
    0.032314,
    0.030433,
    0.031775,
    0.032196,
    0.034338,
    0.028849,
    0.02869,
    0.029807,
    0.032669,
    0.030243,
    0.026971,
    0.027443,
    0.028427,
    0.028574,
    0.029305,
    0.027067,
    0.027238,
    0.030316,
    0.031644,
    0.026889,
    0.027558,
    0.027232,
    0.026169,
    0.028227,
    0.026443,
    0.02628,
    0.028825,
    0.029889,
    0.025007,
    0.030692,
    0.024716,
    0.027847,
    0.02736,
    0.026904,
    0.032119,
    0.025909,
    0.025406,
    0.025819,
    0.024759,
    0.024427,
    0.027105,
    0.025559,
    0.025678,
    0.025925,
    0.026819,
    0.024216,
    0.026169,
    0.02938,
    0.02457,
    0.026535,
    0.025722,
    0.024683,
    0.023113,
    0.023398,
    0.024418,
    0.023755,
    0.025654,
    0.029459,
    0.024818,
    0.029128,
    0.028363,
    0.025966,
    0.026885,
    0.024188,
    0.024635,
    0.024581,
    0.026585,
    0.024565,
    0.022025
  ],
  "val_history": [
    0.123975,
    0.041935,
    0.02587,
    0.023638,
    0.01981,
    0.022726,
    0.016893,
    0.018681,
    0.016534,
    0.016655,
    0.019506,
    0.017946,
    0.017796,
    0.015502,
    0.016082,
    0.017945,
    0.017076,
    0.017918,
    0.017637,
    0.015631,
    0.015874,
    0.015731,
    0.018159,
    0.013371,
    0.015138,
    0.013462,
    0.017687,
    0.014509,
    0.018252,
    0.019971,
    0.015875,
    0.014312,
    0.017619,
    0.015804,
    0.01555,
    0.013587,
    0.014264,
    0.013037,
    0.013534,
    0.014588,
    0.013155,
    0.014546,
    0.023138,
    0.013503,
    0.014302,
    0.020756,
    0.013405,
    0.012349,
    0.016347,
    0.012276,
    0.013477,
    0.017956,
    0.012222,
    0.014135,
    0.019187,
    0.014185,
    0.014156,
    0.014137,
    0.012136,
    0.012008,
    0.012253,
    0.011195,
    0.01544,
    0.010998,
    0.018414,
    0.012009,
    0.011979,
    0.012194,
    0.015523,
    0.019612,
    0.013218,
    0.012948,
    0.010759,
    0.018532,
    0.014193,
    0.012312,
    0.012646,
    0.015404,
    0.013191,
    0.013146,
    0.011863,
    0.015294,
    0.014236,
    0.015018,
    0.014168,
    0.011122,
    0.012386,
    0.01389,
    0.011612,
    0.01179,
    0.013296,
    0.013214,
    0.013477,
    0.011786,
    0.01492,
    0.010891,
    0.013941,
    0.014924,
    0.012273,
    0.012177,
    0.01391,
    0.013806,
    0.012647,
    0.012791,
    0.012869,
    0.012237,
    0.01248,
    0.012536,
    0.012226,
    0.011454,
    0.010815,
    0.013251,
    0.011519,
    0.010595,
    0.012819,
    0.015753,
    0.013678,
    0.014053,
    0.011066,
    0.011005,
    0.010855,
    0.010243,
    0.012252,
    0.011718,
    0.012007,
    0.012646,
    0.011305,
    0.011199,
    0.011203,
    0.012737,
    0.012115,
    0.011934,
    0.01152,
    0.011649,
    0.012698,
    0.013066,
    0.011146,
    0.012235,
    0.012197,
    0.010596,
    0.011308,
    0.011891,
    0.011571,
    0.012061,
    0.011283,
    0.011973,
    0.011365,
    0.01009,
    0.011342,
    0.011057
  ],
  "done": true
}