name, x, y
arkadia, 22.366139, 37.651492
larissa, 22.646897, 39.682261
magnisia, 22.766325, 39.174176
arkadia2, 22.143828, 37.324456
veroia, 22.120677, 40.398697,

