{
  "epoch": 150,
  "total_epochs": 150,
  "train_loss": 0.024898,
  "val_loss": 0.013149,
  "train_history": [
    0.531889,
    0.118325,
    0.073388,
    0.067484,
    0.063297,
    0.064272,
    0.057474,
    0.056704,
    0.050652,
    0.060847,
    0.051989,
    0.050134,
    0.041926,
    0.051362,
    0.043601,
    0.046259,
    0.045838,
    0.045617,
    0.048584,
    0.04447,
    0.043556,
    0.043937,
    0.054594,
    0.040116,
    0.04214,
    0.042796,
    0.045263,
    0.050178,
    0.041872,
    0.042627,
    0.040113,
    0.043394,
    0.035938,
    0.037478,
    0.036444,
    0.037047,
    0.037552,
    0.038536,
    0.038917,
    0.03543,
    0.035676,
    0.039996,
    0.036634,
    0.037081,
    0.041293,
    0.040569,
    0.040134,
    0.034561,
    0.034719,
    0.035952,
    0.031589,
    0.033837,
    0.033493,
    0.034962,
    0.031978,
    0.039329,
    0.030181,
    0.030594,
    0.032531,
    0.030047,
    0.030858,
    0.032909,
    0.032923,
    0.035244,
    0.035601,
    0.034188,
    0.035592,
    0.030049,
    0.030527,
    0.033157,
    0.029963,
    0.035944,
    0.032848,
    0.031405,
    0.028154,
    0.033273,
    0.027601,
    0.028109,
    0.026505,
    0.027188,
    0.027556,
    0.02763,
    0.029268,
    0.030127,
    0.031433,
    0.02661,
    0.03037,
    0.026884,
    0.026944,
    0.026255,
    0.027723,
    0.026608,
    0.026591,
    0.029607,
    0.027161,
    0.028438,
    0.028353,
    0.028604,
    0.026619,
    0.025227,
    0.029203,
    0.028055,
    0.024505,
    0.026797,
    0.026957,
    0.026444,
    0.028283,
    0.02704,
    0.025508,
    0.025823,
    0.029763,
    0.022815,
    0.029358,
    0.025357,
    0.023831,
    0.022615,
    0.026708,
    0.026401,
    0.023371,
    0.027689,
    0.023886,
    0.023644,
    0.027133,
    0.024436,
    0.025445,
    0.030302,
    0.024392,
    0.023089,
    0.025821,
    0.023277,
    0.024225,
    0.024252,
    0.025975,
    0.024518,
    0.027527,
    0.0274,
    0.02387,
    0.024075,
    0.021192,
    0.023171,
    0.027879,
    0.023959,
    0.025216,
    0.025478,
    0.023957,
    0.022222,
    0.021744,
    0.021563,
    0.02615,
    0.024898
  ],
  "val_history": [
    0.1681,
    0.043852,
    0.027943,
    0.023399,
    0.023141,
    0.02071,
    0.017604,
    0.017399,
    0.018391,
    0.020579,
    0.024835,
    0.016482,
    0.015401,
    0.01647,
    0.019145,
    0.014653,
    0.016879,
    0.018569,
    0.015276,
    0.020365,
    0.019893,
    0.020435,
    0.017151,
    0.017417,
    0.018737,
    0.016336,
    0.014169,
    0.013845,
    0.016246,
    0.018282,
    0.016614,
    0.015491,
    0.029402,
    0.014457,
    0.01779,
    0.015129,
    0.016241,
    0.013457,
    0.015806,
    0.014392,
    0.016973,
    0.016584,
    0.015068,
    0.014554,
    0.016819,
    0.013564,
    0.013189,
    0.016901,
    0.015401,
    0.014093,
    0.012746,
    0.01691,
    0.013444,
    0.013127,
    0.016601,
    0.012461,
    0.012685,
    0.01435,
    0.012509,
    0.018275,
    0.013088,
    0.017241,
    0.018265,
    0.023731,
    0.015354,
    0.013705,
    0.012638,
    0.014565,
    0.015901,
    0.020429,
    0.016447,
    0.020789,
    0.01768,
    0.021121,
    0.015165,
    0.015372,
    0.011384,
    0.014079,
    0.014529,
    0.014875,
    0.015436,
    0.012465,
    0.01854,
    0.013248,
    0.011493,
    0.013475,
    0.016655,
    0.017083,
    0.014352,
    0.013068,
    0.013911,
    0.015749,
    0.0147,
    0.023769,
    0.016307,
    0.015251,
    0.012165,
    0.015625,
    0.016798,
    0.014381,
    0.012766,
    0.015347,
    0.013618,
    0.013956,
    0.01451,
    0.012881,
    0.013224,
    0.012596,
    0.013682,
    0.015909,
    0.01749,
    0.01599,
    0.017093,
    0.012785,
    0.011231,
    0.015481,
    0.013857,
    0.013978,
    0.016021,
    0.014567,
    0.013972,
    0.013698,
    0.013766,
    0.015242,
    0.014665,
    0.013145,
    0.014152,
    0.015542,
    0.015514,
    0.012771,
    0.01392,
    0.014509,
    0.013913,
    0.013523,
    0.015165,
    0.01403,
    0.016983,
    0.012118,
    0.012566,
    0.015627,
    0.013347,
    0.016082,
    0.015897,
    0.014285,
    0.014452,
    0.014551,
    0.01329,
    0.012172,
    0.015768,
    0.013149
  ],
  "done": true
}