{
  "epoch": 150,
  "total_epochs": 150,
  "train_loss": 0.0223,
  "val_loss": 0.013152,
  "train_history": [
    0.50295,
    0.110197,
    0.07945,
    0.067389,
    0.057573,
    0.06163,
    0.055719,
    0.056347,
    0.055846,
    0.05492,
    0.049191,
    0.056035,
    0.048354,
    0.050821,
    0.045817,
    0.045179,
    0.04878,
    0.045582,
    0.044432,
    0.037252,
    0.046422,
    0.046983,
    0.038888,
    0.046208,
    0.044604,
    0.042843,
    0.050047,
    0.045931,
    0.040731,
    0.043262,
    0.037585,
    0.035722,
    0.041456,
    0.035709,
    0.035348,
    0.035303,
    0.035074,
    0.03512,
    0.036064,
    0.038159,
    0.037007,
    0.034843,
    0.036919,
    0.036289,
    0.034946,
    0.033633,
    0.036491,
    0.039126,
    0.034568,
    0.035831,
    0.035081,
    0.032494,
    0.032507,
    0.035645,
    0.038114,
    0.029031,
    0.033253,
    0.033938,
    0.030946,
    0.031959,
    0.035127,
    0.032739,
    0.031166,
    0.030644,
    0.031588,
    0.028829,
    0.031757,
    0.031602,
    0.026433,
    0.029968,
    0.028538,
    0.029318,
    0.0276,
    0.031769,
    0.028592,
    0.028773,
    0.027677,
    0.027129,
    0.032454,
    0.03253,
    0.028378,
    0.030725,
    0.029429,
    0.029395,
    0.029191,
    0.027574,
    0.024272,
    0.025156,
    0.026071,
    0.028383,
    0.02599,
    0.031178,
    0.025797,
    0.026722,
    0.025976,
    0.024215,
    0.029308,
    0.028674,
    0.028474,
    0.022119,
    0.024457,
    0.027871,
    0.02786,
    0.027119,
    0.026925,
    0.024766,
    0.024809,
    0.023944,
    0.02609,
    0.027565,
    0.025893,
    0.025246,
    0.025595,
    0.022538,
    0.02469,
    0.022198,
    0.025713,
    0.025554,
    0.021569,
    0.026523,
    0.027004,
    0.023631,
    0.025696,
    0.02437,
    0.026531,
    0.023622,
    0.024396,
    0.024773,
    0.026923,
    0.023094,
    0.025073,
    0.02249,
    0.023117,
    0.021821,
    0.023965,
    0.023689,
    0.025503,
    0.024149,
    0.022246,
    0.0242,
    0.023338,
    0.023998,
    0.025127,
    0.024861,
    0.022115,
    0.026374,
    0.023045,
    0.024696,
    0.023169,
    0.0223
  ],
  "val_history": [
    0.146894,
    0.039472,
    0.025058,
    0.028855,
    0.024273,
    0.018504,
    0.017875,
    0.021051,
    0.015674,
    0.022103,
    0.018788,
    0.015242,
    0.017759,
    0.016836,
    0.017327,
    0.015388,
    0.021622,
    0.016024,
    0.016048,
    0.015835,
    0.015829,
    0.018982,
    0.014341,
    0.01449,
    0.014884,
    0.015232,
    0.034219,
    0.016551,
    0.018274,
    0.018133,
    0.016521,
    0.018901,
    0.013433,
    0.016902,
    0.014752,
    0.014518,
    0.018106,
    0.016995,
    0.015809,
    0.01842,
    0.02204,
    0.01524,
    0.015119,
    0.015413,
    0.018161,
    0.01337,
    0.020926,
    0.015969,
    0.015722,
    0.0166,
    0.013998,
    0.014616,
    0.01827,
    0.010961,
    0.017259,
    0.016345,
    0.017705,
    0.014996,
    0.01446,
    0.013321,
    0.017847,
    0.01284,
    0.013667,
    0.016383,
    0.016772,
    0.014655,
    0.012789,
    0.013852,
    0.014081,
    0.015541,
    0.014968,
    0.0145,
    0.019951,
    0.017129,
    0.012519,
    0.015884,
    0.017274,
    0.013759,
    0.017608,
    0.014738,
    0.012529,
    0.015208,
    0.011575,
    0.01415,
    0.011927,
    0.014317,
    0.012395,
    0.013974,
    0.013698,
    0.012686,
    0.012988,
    0.015237,
    0.016555,
    0.011808,
    0.011688,
    0.014936,
    0.011762,
    0.017691,
    0.014004,
    0.010849,
    0.013116,
    0.012902,
    0.016687,
    0.011774,
    0.015667,
    0.014989,
    0.010892,
    0.011147,
    0.014673,
    0.01456,
    0.013085,
    0.010565,
    0.014205,
    0.011371,
    0.012367,
    0.011472,
    0.017424,
    0.013528,
    0.011578,
    0.011927,
    0.012063,
    0.01191,
    0.010497,
    0.012781,
    0.01216,
    0.012693,
    0.013929,
    0.013658,
    0.012438,
    0.013102,
    0.01113,
    0.012007,
    0.015695,
    0.010301,
    0.012953,
    0.012064,
    0.01532,
    0.013704,
    0.011831,
    0.013963,
    0.011414,
    0.011389,
    0.012432,
    0.014314,
    0.012504,
    0.011992,
    0.011395,
    0.012376,
    0.012483,
    0.013152
  ],
  "done": true
}